chr,LOD,genetic,physical,h2,effect,interval_Mb,interval_cM,LeftCI_pos,RightCI_pos,trait,pop
5,4,58.3,38484773,1.2,0.429,47.1,23.5,11502381,58602681,KRN,CML69
5,3.8,62.3,58202730,5.6,0.02,47.2,11.1,21892861,69119630,AKW,CML69
5,3.6,75.6,160989981,4.9,0.712,106.3,15.3,62113519,168463281,KRN,CML69
5,3.8,62.3,58202730,5.6,0.02,47.2,11.1,21892861,69119630,AKW,CML69
1,4.3,69.6,56076331,11.9,1.083,9.9,5.9,51291743,61143070,KRN,HP301
1,6.9,79.9,77242690,17.9,0.03,32.3,13,56076331,88342158,AKW,HP301
1,4.6,132.9,225130631,4.2,-0.579,26.9,13.8,204757929,231703173,KRN,M162W
1,4.1,131.6,224078702,7.9,-0.025,23,11.9,215340335,238343143,AKW,M162W
1,4,144.9,241222820,4,-0.578,19.4,7.5,231703173,251143648,KRN,M162W
1,4.1,131.6,224078702,7.9,-0.025,23,11.9,215340335,238343143,AKW,M162W
5,5.3,69.5,89318174,10.6,1.06,96.6,9.5,62113519,158686956,KRN,M37W
5,8.7,68.7,84251695,14.5,0.028,18.7,2.9,73132746,91814175,AKW,M37W
4,13.7,110.6,210690738,20.5,1.593,28.2,8.3,188385744,216608367,KRN,CML247
4,3.4,64,150464488,1.7,3.692,219.4,82.6,17330826,236701272,CL,CML247
4,9.9,123.8,233845017,15.5,1.456,2.5,4,233627802,236111113,KRN,CML247
4,3.4,64,150464488,1.7,3.692,219.4,82.6,17330826,236701272,CL,CML247
4,3.6,52.1,34017442,7.5,0.838,138.6,20.3,17330826,155907930,KRN,CML277
4,4.9,56.5,72052851,3.8,5.982,126.7,10,29170943,155907930,CL,CML277
5,4,58.3,38484773,1.2,0.429,47.1,23.5,11502381,58602681,KRN,CML69
5,4.4,39.9,12038114,3.5,6.417,6.6,8.6,8508510,15138119,CL,CML69
1,4.6,116,201486994,2.5,0.717,13.2,8.5,195557990,208733347,KRN,NC350
1,3.4,54,34673143,5.6,7.207,236.5,112.7,22892866,259375688,CL,NC350
4,5.6,53.7,37348608,15.7,1.774,30,2.4,35918862,65958274,CD,CML247
4,3.4,64,150464488,1.7,3.692,219.4,82.6,17330826,236701272,CL,CML247
4,5,58.8,133926556,17,1.858,82.4,4.2,66909481,149276923,CD,CML247
4,3.4,64,150464488,1.7,3.692,219.4,82.6,17330826,236701272,CL,CML247
4,4.9,67.9,155907930,15.8,1.784,16.4,5.9,150464488,166911503,CD,CML247
4,3.4,64,150464488,1.7,3.692,219.4,82.6,17330826,236701272,CL,CML247
5,4.4,65.5,70044163,8.5,1.542,76,6.5,64116507,140093904,CD,CML333
5,8.8,65.4,70028590,10.6,9.509,16.7,2.8,61672051,78382179,CL,CML333
8,3.7,32.3,12563519,6.6,1.14,162.8,82.9,7981844,170807917,CD,KY21
8,5.9,93.1,163742555,7,7.972,8.3,12.1,156907035,165234875,CL,KY21
2,3.6,59.8,27869268,2.1,-0.801,15.7,6.8,24814259,40503046,CD,NC358
2,15.1,67.9,40503046,22.8,-16.093,9,4.8,34567551,43558423,CL,NC358
5,3.6,124.9,208270391,4.4,0.966,7.3,18.7,204909284,212240868,CD,OH7B
5,4.8,115.1,205308574,6.2,7.873,4.1,9.6,203625112,207708797,CL,OH7B
2,7.4,82.8,167417879,8.2,-1.414,52.7,5.8,124057780,176727540,CD,TX303
2,8.1,79.8,147310722,15.8,-14.184,112.9,8.2,51815902,164723190,CL,TX303
