snpid,chr,pos,value,bin,method,trait
4_199073074,4,199073074,148.7756869,4_199,single-variant,KRN
4_199076568,4,199076568,148.7756869,4_199,single-variant,KRN
4_199077448,4,199077448,148.7756869,4_199,single-variant,KRN
5_23184913,5,23184913,134.8965084,5_23,single-variant,KRN
4_228662791,4,228662791,122.5142542,4_229,single-variant,KRN
4_229033656,4,229033656,122.1954491,4_229,single-variant,KRN
4_228628647,4,228628647,122.1785938,4_229,single-variant,KRN
8_154993136,8,154993136,120.335698,8_155,single-variant,KRN
8_151255307,8,151255307,96.01296962,8_151,single-variant,KRN
2_179828557,2,179828557,102.2759288,2_180,single-variant,KRN
9_154100781,9,154100781,87.88016271,9_154,single-variant,KRN
9_154100783,9,154100783,87.88016271,9_154,single-variant,KRN
9_147619741,9,147619741,63.27262487,9_148,single-variant,KRN
1_25439265,1,25439265,87.14175849,1_25,single-variant,KRN
3_176122208,3,176122208,85.92775208,3_176,single-variant,KRN
3_176122219,3,176122219,85.92775208,3_176,single-variant,KRN
3_175693596,3,175693596,62.90018462,3_176,single-variant,KRN
4_90051493,4,90051493,84.34128402,4_90,single-variant,KRN
3_204478006,3,204478006,81.59406527,3_204,single-variant,KRN
1_236944118,1,236944118,76.4746065,1_237,single-variant,KRN
10_15409628,10,15409628,75.52182771,10_15,single-variant,KRN
2_208869748,2,208869748,68.04389579,2_209,single-variant,KRN
7_155256776,7,155256776,67.59216763,7_155,single-variant,KRN
1_14035029,1,14035029,66.19846234,1_14,single-variant,KRN
1_301219924,1,301219924,65.87375751,1_301,single-variant,KRN
6_162161364,6,162161364,63.83800539,6_162,single-variant,KRN
1_92351673,1,92351673,60.49734548,1_92,single-variant,KRN
10_40869573,10,40869573,60.20398445,10_41,single-variant,KRN
2_102320655,2,102320655,58.21623409,2_102,single-variant,KRN
5_167659027,5,167659027,57.92210058,5_168,single-variant,KRN
1_254565402,1,254565402,57.07160025,1_255,single-variant,KRN
1_54728804,1,54728804,56.15267283,1_55,single-variant,KRN
2_87234007,2,87234007,55.84382236,2_87,single-variant,KRN
10_28991172,10,28991172,53.88024819,10_29,single-variant,KRN
3_143505828,3,143505828,53.22747756,3_144,single-variant,KRN
8_95090515,8,95090515,51.66891178,8_95,single-variant,KRN
10_74341836,10,74341836,50.61518049,10_74,single-variant,KRN
3_201331174,3,201331174,0.844,3_201,bayes,KRN
3_217650733,3,217650733,0.8007,3_218,bayes,KRN
3_218774913,3,218774913,0.1707,3_219,bayes,KRN
4_198999400,4,198999400,0.6637,4_199,bayes,KRN
4_198426700,4,198426700,0.4898,4_198,bayes,KRN
4_200203564,4,200203564,0.295,4_200,bayes,KRN
9_5028491,9,5028491,0.658,9_5,bayes,KRN
9_99293471,9,99293471,0.6339,9_99,bayes,KRN
9_99308115,9,99308115,0.129,9_99,bayes,KRN
3_5989897,3,5989897,0.6213,3_6,bayes,KRN
3_6928680,3,6928680,0.1845,3_7,bayes,KRN
1_22688691,1,22688691,0.5913,1_23,bayes,KRN
1_22857943,1,22857943,0.2305,1_23,bayes,KRN
3_169044562,3,169044562,0.5495,3_169,bayes,KRN
3_166034352,3,166034352,0.1232,3_166,bayes,KRN
3_170115483,3,170115483,0.1123,3_170,bayes,KRN
9_148646606,9,148646606,0.5209,9_149,bayes,KRN
1_203086382,1,203086382,0.516,1_203,bayes,KRN
1_203086468,1,203086468,0.1635,1_203,bayes,KRN
1_203086466,1,203086466,0.1626,1_203,bayes,KRN
2_18360174,2,18360174,0.4896,2_18,bayes,KRN
2_17574448,2,17574448,0.4284,2_18,bayes,KRN
2_16873627,2,16873627,0.3676,2_17,bayes,KRN
5_166858167,5,166858167,0.4541,5_167,bayes,KRN
5_168256538,5,168256538,0.1584,5_168,bayes,KRN
3_194042011,3,194042011,0.4367,3_194,bayes,KRN
3_190442492,3,190442492,0.1933,3_190,bayes,KRN
6_158863400,6,158863400,0.4312,6_159,bayes,KRN
6_162014801,6,162014801,0.2238,6_162,bayes,KRN
6_162112029,6,162112029,0.1335,6_162,bayes,KRN
4_1223785,4,1223785,0.4119,4_1,bayes,KRN
4_1223829,4,1223829,0.2821,4_1,bayes,KRN
10_121407133,10,121407133,0.4042,10_121,bayes,KRN
10_115383286,10,115383286,0.1051,10_115,bayes,KRN
2_229528586,2,229528586,0.3326,2_230,bayes,KRN
2_227048681,2,227048681,0.1454,2_227,bayes,KRN
5_16418530,5,16418530,0.3112,5_16,bayes,KRN
5_16420194,5,16420194,0.2367,5_16,bayes,KRN
5_16418599,5,16418599,0.2149,5_16,bayes,KRN
4_5976338,4,5976338,0.3102,4_6,bayes,KRN
5_212352078,5,212352078,0.3097,5_212,bayes,KRN
5_214526238,5,214526238,0.201,5_215,bayes,KRN
5_214426106,5,214426106,0.1279,5_214,bayes,KRN
1_293634086,1,293634086,0.281,1_294,bayes,KRN
1_288397408,1,288397408,0.1936,1_288,bayes,KRN
1_293578935,1,293578935,0.1288,1_294,bayes,KRN
2_52833051,2,52833051,0.2753,2_53,bayes,KRN
7_138758449,7,138758449,0.2574,7_139,bayes,KRN
7_138732489,7,138732489,0.1167,7_139,bayes,KRN
3_229120153,3,229120153,0.2549,3_229,bayes,KRN
3_225333258,3,225333258,0.1546,3_225,bayes,KRN
4_236387000,4,236387000,0.2494,4_236,bayes,KRN
4_236091061,4,236091061,0.2258,4_236,bayes,KRN
4_236097864,4,236097864,0.2161,4_236,bayes,KRN
10_135043790,10,135043790,0.2313,10_135,bayes,KRN
10_140167940,10,140167940,0.1526,10_140,bayes,KRN
10_137951908,10,137951908,0.1391,10_138,bayes,KRN
2_117316379,2,117316379,0.2243,2_117,bayes,KRN
9_140644771,9,140644771,0.2199,9_141,bayes,KRN
9_140644453,9,140644453,0.1845,9_141,bayes,KRN
5_1950015,5,1950015,0.2108,5_2,bayes,KRN
5_229260,5,229260,0.1074,5_0,bayes,KRN
5_1954913,5,1954913,0.1007,5_2,bayes,KRN
1_14416985,1,14416985,0.2069,1_14,bayes,KRN
1_14559018,1,14559018,0.2032,1_15,bayes,KRN
1_14416971,1,14416971,0.1043,1_14,bayes,KRN
1_209644683,1,209644683,0.1997,1_210,bayes,KRN
1_206983710,1,206983710,0.1143,1_207,bayes,KRN
2_26978723,2,26978723,0.1961,2_27,bayes,KRN
4_179790632,4,179790632,0.1915,4_180,bayes,KRN
1_280316740,1,280316740,0.1825,1_280,bayes,KRN
1_280503363,1,280503363,0.1746,1_281,bayes,KRN
1_282898950,1,282898950,0.1468,1_283,bayes,KRN
8_165878356,8,165878356,0.1822,8_166,bayes,KRN
8_173254148,8,173254148,0.1428,8_173,bayes,KRN
8_173804032,8,173804032,0.1006,8_174,bayes,KRN
5_94095865,5,94095865,0.1795,5_94,bayes,KRN
2_4179955,2,4179955,0.1779,2_4,bayes,KRN
2_4160573,2,4160573,0.1563,2_4,bayes,KRN
2_2487808,2,2487808,0.135,2_2,bayes,KRN
3_134071574,3,134071574,0.168,3_134,bayes,KRN
7_162809203,7,162809203,0.1661,7_163,bayes,KRN
7_162950028,7,162950028,0.1549,7_163,bayes,KRN
1_63856997,1,63856997,0.1656,1_64,bayes,KRN
1_55337466,1,55337466,0.1423,1_55,bayes,KRN
5_198070886,5,198070886,0.1616,5_198,bayes,KRN
8_17946021,8,17946021,0.1544,8_18,bayes,KRN
8_19296623,8,19296623,0.1123,8_19,bayes,KRN
8_19657455,8,19657455,0.1027,8_20,bayes,KRN
1_253503379,1,253503379,0.1521,1_254,bayes,KRN
7_175033715,7,175033715,0.1518,7_175,bayes,KRN
7_175034274,7,175034274,0.1014,7_175,bayes,KRN
10_13791002,10,13791002,0.1507,10_14,bayes,KRN
5_25873169,5,25873169,0.1496,5_26,bayes,KRN
1_34403118,1,34403118,0.1472,1_34,bayes,KRN
5_8700450,5,8700450,0.1449,5_9,bayes,KRN
4_170808073,4,170808073,0.1434,4_171,bayes,KRN
2_211931938,2,211931938,0.1403,2_212,bayes,KRN
2_214659117,2,214659117,0.1298,2_215,bayes,KRN
2_210519584,2,210519584,0.1238,2_211,bayes,KRN
1_297785800,1,297785800,0.1374,1_298,bayes,KRN
1_296344557,1,296344557,0.1162,1_296,bayes,KRN
1_39544290,1,39544290,0.1342,1_40,bayes,KRN
2_219820508,2,219820508,0.1336,2_220,bayes,KRN
9_17083254,9,17083254,0.1311,9_17,bayes,KRN
9_15041874,9,15041874,0.1069,9_15,bayes,KRN
8_26275,8,26275,0.131,8_0,bayes,KRN
6_115190444,6,115190444,0.1249,6_115,bayes,KRN
4_155749174,4,155749174,0.1188,4_156,bayes,KRN
2_69942304,2,69942304,0.1156,2_70,bayes,KRN
1_255236815,1,255236815,0.1155,1_255,bayes,KRN
4_41355316,4,41355316,0.1122,4_41,bayes,KRN
10_148121993,10,148121993,0.11,10_148,bayes,KRN
10_148405761,10,148405761,0.1089,10_148,bayes,KRN
10_146170932,10,146170932,0.1048,10_146,bayes,KRN
4_67938483,4,67938483,0.1099,4_68,bayes,KRN
8_13532257,8,13532257,0.1054,8_14,bayes,KRN
9_37821355,9,37821355,0.1022,9_38,bayes,KRN
7_118540760,7,118540760,0.1011,7_119,bayes,KRN
1_68182349,1,68182349,0,1_68,stepwise,KRN
1_185874440,1,185874440,0,1_186,stepwise,KRN
1_209034237,1,209034237,0,1_209,stepwise,KRN
1_293806450,1,293806450,0,1_294,stepwise,KRN
1_300008663,1,300008663,0,1_300,stepwise,KRN
2_52724067,2,52724067,0,2_53,stepwise,KRN
4_33075579,4,33075579,0,4_33,stepwise,KRN
4_199078546,4,199078546,0,4_199,stepwise,KRN
4_198490330,4,198490330,0.000000000000000222,4_198,stepwise,KRN
4_197891180,4,197891180,0.000000000000238,4_198,stepwise,KRN
4_229000838,4,229000838,0,4_229,stepwise,KRN
4_235604701,4,235604701,0,4_236,stepwise,KRN
4_238803169,4,238803169,0.000000000043,4_239,stepwise,KRN
5_57250790,5,57250790,0,5_57,stepwise,KRN
5_212351905,5,212351905,0,5_212,stepwise,KRN
5_207729685,5,207729685,0.0000000000000224,5_208,stepwise,KRN
5_206887315,5,206887315,0.0000000000015,5_207,stepwise,KRN
7_118228658,7,118228658,0,7_118,stepwise,KRN
9_99358245,9,99358245,0,9_99,stepwise,KRN
9_140994782,9,140994782,0,9_141,stepwise,KRN
3_227131072,3,227131072,0.000000000000000888,3_227,stepwise,KRN
8_124937344,8,124937344,0.00000000000000311,8_125,stepwise,KRN
5_15322714,5,15322714,0.00000000000000355,5_15,stepwise,KRN
5_21909034,5,21909034,0.000000000004,5_22,stepwise,KRN
3_133293491,3,133293491,0.00000000000000488,3_133,stepwise,KRN
8_73919477,8,73919477,0.00000000000000577,8_74,stepwise,KRN
5_149155149,5,149155149,0.000000000000012,5_149,stepwise,KRN
9_53605430,9,53605430,0.000000000000014,9_54,stepwise,KRN
8_36684547,8,36684547,0.0000000000000142,8_37,stepwise,KRN
3_5989888,3,5989888,0.000000000000117,3_6,stepwise,KRN
1_34263565,1,34263565,0.000000000000141,1_34,stepwise,KRN
3_166808666,3,166808666,0.000000000000168,3_167,stepwise,KRN
3_167009207,3,167009207,0.00000000000365,3_167,stepwise,KRN
3_166034352,3,166034352,0.0000000000041,3_166,stepwise,KRN
2_227048681,2,227048681,0.00000000000017,2_227,stepwise,KRN
6_154785052,6,154785052,0.000000000000183,6_155,stepwise,KRN
8_129219542,8,129219542,0.000000000000184,8_129,stepwise,KRN
5_201073740,5,201073740,0.000000000000377,5_201,stepwise,KRN
10_141509800,10,141509800,0.000000000000429,10_142,stepwise,KRN
7_17696158,7,17696158,0.000000000000617,7_18,stepwise,KRN
7_27059262,7,27059262,0.000000000000618,7_27,stepwise,KRN
6_34026904,6,34026904,0.00000000000103,6_34,stepwise,KRN
10_14656734,10,14656734,0.00000000000168,10_15,stepwise,KRN
3_26355406,3,26355406,0.00000000000197,3_26,stepwise,KRN
7_174919809,7,174919809,0.00000000000238,7_175,stepwise,KRN
3_2384984,3,2384984,0.00000000000639,3_2,stepwise,KRN
6_85408628,6,85408628,0.00000000000657,6_85,stepwise,KRN
8_13003197,8,13003197,0.00000000000706,8_13,stepwise,KRN
2_185373100,2,185373100,0.00000000000863,2_185,stepwise,KRN
8_143765199,8,143765199,0.00000000000977,8_144,stepwise,KRN
1_204555503,1,204555503,0.000000000014,1_205,stepwise,KRN
5_216095102,5,216095102,0.0000000000146,5_216,stepwise,KRN
3_217362191,3,217362191,0.0000000000177,3_217,stepwise,KRN
3_20591776,3,20591776,0.0000000000244,3_21,stepwise,KRN
1_173125997,1,173125997,0.0000000000262,1_173,stepwise,KRN
2_56889826,2,56889826,0.000000000027,2_57,stepwise,KRN
6_129858634,6,129858634,0.0000000000381,6_130,stepwise,KRN
2_23312704,2,23312704,0.0000000000538,2_23,stepwise,KRN
2_18389066,2,18389066,0.0000000000691,2_18,stepwise,KRN
5_161508284,5,161508284,0.0000000000654,5_162,stepwise,KRN
2_236815179,2,236815179,0.0000000000726,2_237,stepwise,KRN
7_162960897,7,162960897,0.000000000073,7_163,stepwise,KRN
5_183427707,5,183427707,0.0000000000885,5_183,stepwise,KRN
4_43515270,4,43515270,111.193345276008,4_44,single-variant,CD
4_37595611,4,37595611,58.68786497452,4_38,single-variant,CD
4_37595612,4,37595612,58.68786497452,4_38,single-variant,CD
4_177053485,4,177053485,80.8214834762664,4_177,single-variant,CD
4_175975383,4,175975383,78.5723840763817,4_176,single-variant,CD
4_175423641,4,175423641,78.043077973358,4_175,single-variant,CD
4_174955830,4,174955830,75.2810999062594,4_175,single-variant,CD
4_174913927,4,174913927,74.3863378504722,4_175,single-variant,CD
4_174602454,4,174602454,73.6127881996863,4_175,single-variant,CD
4_129942551,4,129942551,66.3440456279212,4_130,single-variant,CD
4_134156545,4,134156545,58.8995949884341,4_134,single-variant,CD
4_131769676,4,131769676,57.0696419705414,4_132,single-variant,CD
4_162905364,4,162905364,65.3574365628956,4_163,single-variant,CD
4_162769264,4,162769264,65.1287599175858,4_163,single-variant,CD
4_163099868,4,163099868,64.9119702821573,4_163,single-variant,CD
4_197060829,4,197060829,63.0879214916808,4_197,single-variant,CD
4_196909032,4,196909032,61.9468062723991,4_197,single-variant,CD
4_198298106,4,198298106,61.8584875171226,4_198,single-variant,CD
10_40183212,10,40183212,62.8478340093244,10_40,single-variant,CD
10_40183213,10,40183213,62.8478340093244,10_40,single-variant,CD
4_70836931,4,70836931,62.0069607681931,4_71,single-variant,CD
4_68647904,4,68647904,58.8406433883778,4_69,single-variant,CD
4_70633930,4,70633930,57.9154594679385,4_71,single-variant,CD
4_188521166,4,188521166,61.9241611740253,4_189,single-variant,CD
4_193747416,4,193747416,61.7088976696439,4_194,single-variant,CD
4_193611848,4,193611848,60.2446969607128,4_194,single-variant,CD
9_50849102,9,50849102,61.8812063720557,9_51,single-variant,CD
4_142251675,4,142251675,61.4143588219662,4_142,single-variant,CD
4_137376257,4,137376257,58.1183357955103,4_137,single-variant,CD
4_143992460,4,143992460,57.9822156469033,4_144,single-variant,CD
4_153534647,4,153534647,60.8854223729998,4_154,single-variant,CD
4_154996165,4,154996165,59.9229593016575,4_155,single-variant,CD
4_154994748,4,154994748,58.2988466488989,4_155,single-variant,CD
4_82892638,4,82892638,59.8739985432123,4_83,single-variant,CD
4_82016479,4,82016479,57.6861327796308,4_82,single-variant,CD
4_82016422,4,82016422,57.5187294033803,4_82,single-variant,CD
4_45267226,4,45267226,59.1435067435541,4_45,single-variant,CD
4_53260938,4,53260938,55.4173572065547,4_53,single-variant,CD
4_53260996,4,53260996,55.4173572065547,4_53,single-variant,CD
7_170137983,7,170137983,58.8715684189068,7_170,single-variant,CD
4_92794943,4,92794943,58.3787198324496,4_93,single-variant,CD
4_91052512,4,91052512,55.144971747238,4_91,single-variant,CD
4_86504357,4,86504357,54.3143388596048,4_87,single-variant,CD
4_208415330,4,208415330,57.0433514207948,4_208,single-variant,CD
4_208415340,4,208415340,57.0433514207948,4_208,single-variant,CD
4_213961911,4,213961911,56.8800186926958,4_214,single-variant,CD
4_219486663,4,219486663,56.9844725956862,4_219,single-variant,CD
4_215229979,4,215229979,56.9311465063285,4_215,single-variant,CD
4_219492315,4,219492315,56.4926839599236,4_219,single-variant,CD
4_60240700,4,60240700,56.7552282385047,4_60,single-variant,CD
4_59652119,4,59652119,56.4872222458396,4_60,single-variant,CD
4_60367542,4,60367542,56.2246881638294,4_60,single-variant,CD
10_8934204,10,8934204,56.6110998916458,10_9,single-variant,CD
6_36383146,6,36383146,56.2661449680564,6_36,single-variant,CD
5_70260972,5,70260972,55.4967678600885,5_70,single-variant,CD
5_73036968,5,73036968,54.6689372993999,5_73,single-variant,CD
5_65531308,5,65531308,53.4019211374706,5_66,single-variant,CD
4_123996395,4,123996395,55.4718034376046,4_124,single-variant,CD
4_123331032,4,123331032,54.506318933668,4_123,single-variant,CD
4_123331313,4,123331313,54.506318933668,4_123,single-variant,CD
8_130887110,8,130887110,55.0955441355195,8_131,single-variant,CD
4_113065926,4,113065926,54.6431331533176,4_113,single-variant,CD
4_108938112,4,108938112,54.6202776146138,4_109,single-variant,CD
4_111368907,4,111368907,54.4472466364546,4_111,single-variant,CD
7_137408232,7,137408232,54.6109580175028,7_137,single-variant,CD
5_63712308,5,63712308,53.5630903093637,5_64,single-variant,CD
5_59606959,5,59606959,53.3649789427665,5_60,single-variant,CD
5_58707046,5,58707046,53.0009695581542,5_59,single-variant,CD
3_216874468,3,216874468,53.1744245988776,3_217,single-variant,CD
5_80834640,5,80834640,52.5569248561783,5_81,single-variant,CD
5_77263298,5,77263298,52.3476279349188,5_77,single-variant,CD
5_77263315,5,77263315,52.3476279349188,5_77,single-variant,CD
4_229506519,4,229506519,51.272548213597,4_230,single-variant,CD
4_225732545,4,225732545,51.2028640835018,4_226,single-variant,CD
4_225510421,4,225510421,51.067617568532,4_226,single-variant,CD
4_101573763,4,101573763,50.692953464782,4_102,single-variant,CD
4_96541825,4,96541825,50.2065309165472,4_97,single-variant,CD
2_24930512,2,24930512,50.1894583421165,2_25,single-variant,CD
2_16353020,2,16353020,0.7801,2_16,bayes,CD
2_16349632,2,16349632,0.2099,2_16,bayes,CD
2_23840104,2,23840104,0.1182,2_24,bayes,CD
5_13733222,5,13733222,0.7317,5_14,bayes,CD
7_175305190,7,175305190,0.6289,7_175,bayes,CD
1_36561556,1,36561556,0.4043,1_37,bayes,CD
6_153267405,6,153267405,0.3877,6_153,bayes,CD
4_179797374,4,179797374,0.3683,4_180,bayes,CD
4_179792165,4,179792165,0.1136,4_180,bayes,CD
7_140151004,7,140151004,0.3561,7_140,bayes,CD
7_140151795,7,140151795,0.2463,7_140,bayes,CD
7_140151392,7,140151392,0.1277,7_140,bayes,CD
1_281458848,1,281458848,0.3337,1_281,bayes,CD
5_58133054,5,58133054,0.3056,5_58,bayes,CD
5_58607998,5,58607998,0.1359,5_59,bayes,CD
9_2134062,9,2134062,0.2972,9_2,bayes,CD
2_3543587,2,3543587,0.2913,2_4,bayes,CD
9_128144933,9,128144933,0.2762,9_128,bayes,CD
1_300534626,1,300534626,0.2593,1_301,bayes,CD
1_300739781,1,300739781,0.1336,1_301,bayes,CD
1_293633703,1,293633703,0.2467,1_294,bayes,CD
1_293633704,1,293633704,0.2365,1_294,bayes,CD
1_293633790,1,293633790,0.2073,1_294,bayes,CD
2_29284856,2,29284856,0.2452,2_29,bayes,CD
2_29334167,2,29334167,0.1579,2_29,bayes,CD
2_29284930,2,29284930,0.1429,2_29,bayes,CD
3_207311705,3,207311705,0.218,3_207,bayes,CD
3_150773732,3,150773732,0.2159,3_151,bayes,CD
1_250563693,1,250563693,0.1976,1_251,bayes,CD
1_250563700,1,250563700,0.1257,1_251,bayes,CD
10_137831714,10,137831714,0.1877,10_138,bayes,CD
6_132437888,6,132437888,0.1708,6_132,bayes,CD
6_132437889,6,132437889,0.1041,6_132,bayes,CD
2_230389243,2,230389243,0.1596,2_230,bayes,CD
2_225391702,2,225391702,0.1028,2_225,bayes,CD
1_1009170,1,1009170,0.1561,1_1,bayes,CD
2_199343472,2,199343472,0.1541,2_199,bayes,CD
2_195926841,2,195926841,0.1032,2_196,bayes,CD
5_94610832,5,94610832,0.1471,5_95,bayes,CD
9_16332003,9,16332003,0.1452,9_16,bayes,CD
10_147402796,10,147402796,0.1425,10_147,bayes,CD
8_173705000,8,173705000,0.1396,8_174,bayes,CD
4_35274910,4,35274910,0.139,4_35,bayes,CD
4_235760055,4,235760055,0.136,4_236,bayes,CD
8_161914232,8,161914232,0.1355,8_162,bayes,CD
1_23578223,1,23578223,0.1302,1_24,bayes,CD
6_159772234,6,159772234,0.1288,6_160,bayes,CD
3_204112055,3,204112055,0.1272,3_204,bayes,CD
4_173300444,4,173300444,0.1225,4_173,bayes,CD
5_96710206,5,96710206,0.1217,5_97,bayes,CD
7_156925620,7,156925620,0.1178,7_157,bayes,CD
2_220838555,2,220838555,0.1085,2_221,bayes,CD
5_208367065,5,208367065,0.1073,5_208,bayes,CD
5_205320155,5,205320155,0.1032,5_205,bayes,CD
5_96710206,5,96710206,0,5_97,stepwise,CD
9_112338253,9,112338253,0,9_112,stepwise,CD
2_53587883,2,53587883,0,2_54,stepwise,CD
2_45538620,2,45538620,0.00000000000265654165,2_46,stepwise,CD
9_15723392,9,15723392,0,9_16,stepwise,CD
2_16353020,2,16353020,0,2_16,stepwise,CD
2_23721759,2,23721759,0.0000000000132711619,2_24,stepwise,CD
5_58133054,5,58133054,0,5_58,stepwise,CD
1_299699370,1,299699370,0,1_300,stepwise,CD
1_298862155,1,298862155,0.00000000000972621983,1_299,stepwise,CD
4_173062169,4,173062169,0.000000000000000222044605,4_173,stepwise,CD
3_207411075,3,207411075,0.000000000000000222044605,3_207,stepwise,CD
6_154283590,6,154283590,0.00000000000000044408921,6_154,stepwise,CD
10_137831713,10,137831713,0.00000000000000044408921,10_138,stepwise,CD
6_91120289,6,91120289,0.000000000000000666133815,6_91,stepwise,CD
1_62699338,1,62699338,0.00000000000000088817842,1_63,stepwise,CD
4_35274910,4,35274910,0.00000000000000133226763,4_35,stepwise,CD
7_77101975,7,77101975,0.00000000000000666133815,7_77,stepwise,CD
9_48165349,9,48165349,0.0000000000000299760217,9_48,stepwise,CD
5_180701874,5,180701874,0.000000000000293987057,5_181,stepwise,CD
3_160835273,3,160835273,0.000000000000510258502,3_161,stepwise,CD
3_156350044,3,156350044,0.0000000000481330531,3_156,stepwise,CD
1_54828597,1,54828597,0.000000000000540456568,1_55,stepwise,CD
8_143406157,8,143406157,0.000000000000631494856,8_143,stepwise,CD
2_7627648,2,7627648,0.00000000000110933485,2_8,stepwise,CD
1_35192920,1,35192920,0.00000000000175570669,1_35,stepwise,CD
1_238283747,1,238283747,0.00000000000202926564,1_238,stepwise,CD
3_99990001,3,99990001,0.000000000002210232,3_100,stepwise,CD
6_132452609,6,132452609,0.00000000000283306711,6_132,stepwise,CD
8_109893926,8,109893926,0.00000000000286792812,8_110,stepwise,CD
4_180869379,4,180869379,0.00000000000353628238,4_181,stepwise,CD
2_87408883,2,87408883,0.00000000000535993472,2_87,stepwise,CD
3_194581485,3,194581485,0.00000000000842970138,3_195,stepwise,CD
5_204222724,5,204222724,0.0000000000101696429,5_204,stepwise,CD
2_2376871,2,2376871,0.0000000000109867671,2_2,stepwise,CD
2_222826906,2,222826906,0.0000000000120845556,2_223,stepwise,CD
7_128377727,7,128377727,0.0000000000171347381,7_128,stepwise,CD
4_203060546,4,203060546,0.0000000000297051272,4_203,stepwise,CD
10_148544665,10,148544665,0.0000000000309423598,10_149,stepwise,CD
3_129087504,3,129087504,0.0000000000314170912,3_129,stepwise,CD
4_62095399,4,62095399,0.0000000000345750095,4_62,stepwise,CD
8_102822554,8,102822554,0.0000000000616038331,8_103,stepwise,CD
7_5710624,7,5710624,0.0000000000917164122,7_6,stepwise,CD
7_137522192,7,137522192,127.836957953086,7_138,single-variant,CL
7_137275552,7,137275552,57.7819636687991,7_137,single-variant,CL
5_45342993,5,45342993,113.007168234065,5_45,single-variant,CL
5_46538945,5,46538945,54.4313876510124,5_47,single-variant,CL
9_105572458,9,105572458,107.316169775836,9_106,single-variant,CL
4_141532663,4,141532663,96.6130375587854,4_142,single-variant,CL
5_107881861,5,107881861,95.1868795676722,5_108,single-variant,CL
4_216054594,4,216054594,90.2255779325089,4_216,single-variant,CL
4_218671028,4,218671028,57.3668548606326,4_219,single-variant,CL
4_218773392,4,218773392,52.930183957428,4_219,single-variant,CL
5_56599438,5,56599438,89.7831482167156,5_57,single-variant,CL
5_14676882,5,14676882,88.2901366825596,5_15,single-variant,CL
5_8410490,5,8410490,56.698861444285,5_8,single-variant,CL
6_162560913,6,162560913,84.5932044273318,6_163,single-variant,CL
10_102686765,10,102686765,84.5277117296602,10_103,single-variant,CL
7_96126208,7,96126208,82.2480976226744,7_96,single-variant,CL
9_50481859,9,50481859,82.0253455615946,9_50,single-variant,CL
3_165851069,3,165851069,78.6837989313336,3_166,single-variant,CL
2_155793021,2,155793021,71.1825668558886,2_156,single-variant,CL
2_155606154,2,155606154,69.5594687296001,2_156,single-variant,CL
2_155839488,2,155839488,50.1318906786644,2_156,single-variant,CL
2_73987674,2,73987674,66.2180365010101,2_74,single-variant,CL
2_72019380,2,72019380,59.3870466955677,2_72,single-variant,CL
2_59214091,2,59214091,65.2933334145294,2_59,single-variant,CL
2_62212661,2,62212661,62.6963072728049,2_62,single-variant,CL
2_62212662,2,62212662,62.6963072728049,2_62,single-variant,CL
8_145293539,8,145293539,63.3058776187725,8_145,single-variant,CL
7_54083233,7,54083233,62.482039150595,7_54,single-variant,CL
5_115009086,5,115009086,61.6040972604401,5_115,single-variant,CL
1_156571197,1,156571197,61.0096567045962,1_157,single-variant,CL
1_160267051,1,160267051,56.6417033916443,1_160,single-variant,CL
8_161721304,8,161721304,59.5241981072543,8_162,single-variant,CL
10_48583648,10,48583648,58.4538276316831,10_49,single-variant,CL
2_150162487,2,150162487,58.1109841853584,2_150,single-variant,CL
1_297742151,1,297742151,56.8820661649604,1_298,single-variant,CL
1_297742153,1,297742153,56.8820661649604,1_298,single-variant,CL
1_205185048,1,205185048,56.7256112044496,1_205,single-variant,CL
1_213407160,1,213407160,56.2516646480715,1_213,single-variant,CL
5_98286092,5,98286092,54.8978064919603,5_98,single-variant,CL
1_87145810,1,87145810,53.7794996543853,1_87,single-variant,CL
1_215901149,1,215901149,53.7432341620584,1_216,single-variant,CL
3_147598944,3,147598944,53.6294314012329,3_148,single-variant,CL
8_8577767,8,8577767,53.588296136594,8_9,single-variant,CL
8_8577769,8,8577769,53.588296136594,8_9,single-variant,CL
6_84646776,6,84646776,53.1312615432075,6_85,single-variant,CL
8_171609591,8,171609591,52.8288002831996,8_172,single-variant,CL
4_118724940,4,118724940,52.4088908522338,4_119,single-variant,CL
9_33617779,9,33617779,52.3566559107083,9_34,single-variant,CL
1_32600092,1,32600092,51.9559700900535,1_33,single-variant,CL
5_40528595,5,40528595,51.8798869285923,5_41,single-variant,CL
8_94941399,8,94941399,51.7914780270686,8_95,single-variant,CL
8_94941404,8,94941404,51.7914780270686,8_95,single-variant,CL
10_82207530,10,82207530,51.677449940222,10_82,single-variant,CL
8_142493949,8,142493949,51.2861819694865,8_142,single-variant,CL
8_79055051,8,79055051,51.183175612004,8_79,single-variant,CL
5_14092274,5,14092274,0.3695,5_14,bayes,CL
5_14926952,5,14926952,0.1646,5_15,bayes,CL
2_226824691,2,226824691,0.3359,2_227,bayes,CL
10_144111476,10,144111476,0.2944,10_144,bayes,CL
10_144111562,10,144111562,0.1453,10_144,bayes,CL
3_215468555,3,215468555,0.2056,3_215,bayes,CL
1_24023937,1,24023937,0.2028,1_24,bayes,CL
1_24022785,1,24022785,0.1798,1_24,bayes,CL
5_207514176,5,207514176,0.1929,5_208,bayes,CL
5_207514028,5,207514028,0.1569,5_208,bayes,CL
5_207514071,5,207514071,0.1281,5_208,bayes,CL
1_26040158,1,26040158,0.1667,1_26,bayes,CL
3_5769257,3,5769257,0.1618,3_6,bayes,CL
5_58128842,5,58128842,0.153,5_58,bayes,CL
2_12603838,2,12603838,0.1468,2_13,bayes,CL
2_183754020,2,183754020,0.1389,2_184,bayes,CL
2_183752669,2,183752669,0.1118,2_184,bayes,CL
7_171863520,7,171863520,0.1229,7_172,bayes,CL
1_215088328,1,215088328,0.1205,1_215,bayes,CL
2_25298884,2,25298884,0.1052,2_25,bayes,CL
1_39953714,1,39953714,0.1051,1_40,bayes,CL
5_186799133,5,186799133,0.1035,5_187,bayes,CL
7_155968381,7,155968381,0,7_156,stepwise,CL
1_8455459,1,8455459,0,1_8,stepwise,CL
1_12948073,1,12948073,0.000000000000145661261,1_13,stepwise,CL
1_11471660,1,11471660,0.0000000000033542058,1_11,stepwise,CL
5_14926044,5,14926044,0,5_15,stepwise,CL
5_5543633,5,5543633,0.000000000000215827356,5_6,stepwise,CL
7_124145990,7,124145990,0.0000000000000408562073,7_124,stepwise,CL
8_115374094,8,115374094,0.000000000000071942452,8_115,stepwise,CL
5_98927467,5,98927467,0.0000000000000843769499,5_99,stepwise,CL
10_77017900,10,77017900,0.000000000000131894495,10_77,stepwise,CL
10_77758040,10,77758040,0.000000000000164090963,10_78,stepwise,CL
1_27069071,1,27069071,0.000000000000208499884,1_27,stepwise,CL
1_26258407,1,26258407,0.000000000000650812737,1_26,stepwise,CL
1_31796389,1,31796389,0.0000000000209248174,1_32,stepwise,CL
3_217943348,3,217943348,0.000000000000211830553,3_218,stepwise,CL
10_4744233,10,4744233,0.000000000000627498054,10_5,stepwise,CL
1_288923896,1,288923896,0.000000000000691224855,1_289,stepwise,CL
9_14137421,9,14137421,0.000000000000976108083,9_14,stepwise,CL
2_12739550,2,12739550,0.00000000000111732845,2_13,stepwise,CL
8_145116342,8,145116342,0.0000000000013007373,8_145,stepwise,CL
3_228140724,3,228140724,0.00000000000146771484,3_228,stepwise,CL
2_32496587,2,32496587,0.00000000000156252788,2_32,stepwise,CL
10_129901321,10,129901321,0.00000000000210809148,10_130,stepwise,CL
4_234624235,4,234624235,0.000000000004181544,4_235,stepwise,CL
1_199071908,1,199071908,0.00000000000435718128,1_199,stepwise,CL
9_89544385,9,89544385,0.00000000000535349542,9_90,stepwise,CL
6_159590933,6,159590933,0.00000000000746824824,6_160,stepwise,CL
6_162543485,6,162543485,0.0000000000183799642,6_163,stepwise,CL
1_178427476,1,178427476,0.0000000000114885879,1_178,stepwise,CL
10_92446434,10,92446434,0.0000000000124522614,10_92,stepwise,CL
5_210725329,5,210725329,0.0000000000226076935,5_211,stepwise,CL
7_99420689,7,99420689,0.0000000000277811107,7_99,stepwise,CL
2_56373338,2,56373338,0.0000000000368665098,2_56,stepwise,CL
8_29715605,8,29715605,86.7742514758181,8_30,single-variant,CW
8_34331189,8,34331189,50.4220718271307,8_34,single-variant,CW
8_74730753,8,74730753,75.7263969234095,8_75,single-variant,CW
8_149257800,8,149257800,69.6558829321697,8_149,single-variant,CW
8_108910209,8,108910209,64.4571123576576,8_109,single-variant,CW
5_14092274,5,14092274,0.4527,5_14,bayes,CW
6_167336716,6,167336716,0.3922,6_167,bayes,CW
7_174917926,7,174917926,0.3443,7_175,bayes,CW
1_26912793,1,26912793,0.3208,1_27,bayes,CW
8_110987970,8,110987970,0.305,8_111,bayes,CW
1_297802606,1,297802606,0.2989,1_298,bayes,CW
4_231042612,4,231042612,0.23,4_231,bayes,CW
9_151254812,9,151254812,0.2104,9_151,bayes,CW
7_137735220,7,137735220,0.2066,7_138,bayes,CW
3_2499877,3,2499877,0.1946,3_2,bayes,CW
1_255688181,1,255688181,0.158,1_256,bayes,CW
2_198407155,2,198407155,0.1559,2_198,bayes,CW
7_176265029,7,176265029,0.1459,7_176,bayes,CW
1_8455459,1,8455459,0.1451,1_8,bayes,CW
1_201360603,1,201360603,0.1372,1_201,bayes,CW
8_173254148,8,173254148,0.1336,8_173,bayes,CW
8_173840220,8,173840220,0.1147,8_174,bayes,CW
4_173994362,4,173994362,0.1095,4_174,bayes,CW
5_164218801,5,164218801,0.1037,5_164,bayes,CW
8_112625220,8,112625220,0,8_113,stepwise,CW
8_112432569,8,112432569,0,8_112,stepwise,CW
8_112754372,8,112754372,0,8_113,stepwise,CW
8_82170969,8,82170969,0,8_82,stepwise,CW
8_82076129,8,82076129,0,8_82,stepwise,CW
8_81165235,8,81165235,0,8_81,stepwise,CW
4_231739643,4,231739643,0,4_232,stepwise,CW
3_64846753,3,64846753,0.000000000000000222044605,3_65,stepwise,CW
6_146126905,6,146126905,0.00000000000000111022302,6_146,stepwise,CW
4_239865457,4,239865457,0.00000000000000976996262,4_240,stepwise,CW
2_231199125,2,231199125,0.0000000000000115463195,2_231,stepwise,CW
1_198419954,1,198419954,0.0000000000000142108547,1_198,stepwise,CW
9_114564120,9,114564120,0.0000000000000293098879,9_115,stepwise,CW
9_114661373,9,114661373,0.000000000000464517314,9_115,stepwise,CW
8_102661074,8,102661074,0.000000000000146549439,8_103,stepwise,CW
1_271630600,1,271630600,0.000000000000354827279,1_272,stepwise,CW
4_55722658,4,55722658,0.000000000000630162589,4_56,stepwise,CW
3_8209080,3,8209080,0.000000000000777600206,3_8,stepwise,CW
5_84374952,5,84374952,0.000000000000817568235,5_84,stepwise,CW
2_128921061,2,128921061,0.00000000000311173309,2_129,stepwise,CW
9_123154400,9,123154400,0.00000000000316169313,9_123,stepwise,CW
10_92700662,10,92700662,0.0000000000058506533,10_93,stepwise,CW
1_68053743,1,68053743,0.0000000000171227477,1_68,stepwise,CW
9_135616572,9,135616572,0.0000000000215130136,9_136,stepwise,CW
5_191859009,5,191859009,0.000000000049999116,5_192,stepwise,CW
8_85491439,8,85491439,0.0000000000770044029,8_85,stepwise,CW
2_141950678,2,141950678,138.484947855636,2_142,single-variant,AKW
2_106227750,2,106227750,135.168840772606,2_106,single-variant,AKW
1_78998494,1,78998494,123.43087198705,1_79,single-variant,AKW
8_19692534,8,19692534,112.611756663104,8_20,single-variant,AKW
2_61033638,2,61033638,85.2029957477387,2_61,single-variant,AKW
1_152323909,1,152323909,81.4584457162237,1_152,single-variant,AKW
3_60705115,3,60705115,78.7569867688503,3_61,single-variant,AKW
1_155623865,1,155623865,73.4169826924424,1_156,single-variant,AKW
1_55396794,1,55396794,71.7778560304993,1_55,single-variant,AKW
1_116162489,1,116162489,61.8298556773566,1_116,single-variant,AKW
2_79473829,2,79473829,60.4859173374742,2_79,single-variant,AKW
1_178034072,1,178034072,55.5862309819758,1_178,single-variant,AKW
1_182498200,1,182498200,50.9876268327775,1_182,single-variant,AKW
2_185945572,2,185945572,55.5357489776204,2_186,single-variant,AKW
4_55982632,4,55982632,54.2570157829193,4_56,single-variant,AKW
1_49357205,1,49357205,53.3152264285007,1_49,single-variant,AKW
7_78425372,7,78425372,52.4276628855511,7_78,single-variant,AKW
1_34544484,1,34544484,51.4402130317994,1_35,single-variant,AKW
5_214114729,5,214114729,0.845,5_214,bayes,AKW
5_210866358,5,210866358,0.1506,5_211,bayes,AKW
3_184683743,3,184683743,0.4244,3_185,bayes,AKW
2_3934080,2,3934080,0.4213,2_4,bayes,AKW
2_3933999,2,3933999,0.1063,2_4,bayes,AKW
7_166456517,7,166456517,0.4132,7_166,bayes,AKW
3_174337899,3,174337899,0.3432,3_174,bayes,AKW
2_14113101,2,14113101,0.3402,2_14,bayes,AKW
5_942159,5,942159,0.3006,5_1,bayes,AKW
1_23056288,1,23056288,0.2774,1_23,bayes,AKW
1_23057029,1,23057029,0.1783,1_23,bayes,AKW
1_23057021,1,23057021,0.1614,1_23,bayes,AKW
3_232131787,3,232131787,0.2334,3_232,bayes,AKW
7_163756613,7,163756613,0.2306,7_164,bayes,AKW
7_163672808,7,163672808,0.1873,7_164,bayes,AKW
1_228254059,1,228254059,0.2028,1_228,bayes,AKW
1_210601549,1,210601549,0.2011,1_211,bayes,AKW
1_210241464,1,210241464,0.1059,1_210,bayes,AKW
5_172088891,5,172088891,0.1991,5_172,bayes,AKW
5_172087797,5,172087797,0.1055,5_172,bayes,AKW
3_9039761,3,9039761,0.1925,3_9,bayes,AKW
3_9039759,3,9039759,0.1323,3_9,bayes,AKW
1_37284925,1,37284925,0.1909,1_37,bayes,AKW
1_41245446,1,41245446,0.1231,1_41,bayes,AKW
1_40725539,1,40725539,0.1046,1_41,bayes,AKW
2_185682890,2,185682890,0.181,2_186,bayes,AKW
1_59181519,1,59181519,0.1613,1_59,bayes,AKW
6_149121138,6,149121138,0.149,6_149,bayes,AKW
9_153518235,9,153518235,0.1199,9_154,bayes,AKW
7_3587229,7,3587229,0.115,7_4,bayes,AKW
4_46521203,4,46521203,0.1143,4_47,bayes,AKW
10_138096697,10,138096697,0.114,10_138,bayes,AKW
5_84259359,5,84259359,0.1082,5_84,bayes,AKW
4_202073486,4,202073486,0.1067,4_202,bayes,AKW
9_136781528,9,136781528,0.1046,9_137,bayes,AKW
5_214056752,5,214056752,0,5_214,stepwise,AKW
5_212595172,5,212595172,0.0000000000000113242749,5_213,stepwise,AKW
5_214999675,5,214999675,0.0000000000000230926389,5_215,stepwise,AKW
2_53951637,2,53951637,0,2_54,stepwise,AKW
9_93521099,9,93521099,0,9_94,stepwise,AKW
2_184390498,2,184390498,0,2_184,stepwise,AKW
3_16081759,3,16081759,0,3_16,stepwise,AKW
3_155272839,3,155272839,0,3_155,stepwise,AKW
1_287738385,1,287738385,0,1_288,stepwise,AKW
10_12799942,10,12799942,0.00000000000000044408921,10_13,stepwise,AKW
5_942159,5,942159,0.00000000000000088817842,5_1,stepwise,AKW
8_152253282,8,152253282,0.00000000000000088817842,8_152,stepwise,AKW
3_174337899,3,174337899,0.00000000000000222044605,3_174,stepwise,AKW
3_184683743,3,184683743,0.0000000000000222044605,3_185,stepwise,AKW
2_36906809,2,36906809,0.0000000000000324185123,2_37,stepwise,AKW
1_196197577,1,196197577,0.0000000000000350830476,1_196,stepwise,AKW
1_198571559,1,198571559,0.00000000000607025541,1_199,stepwise,AKW
8_143672421,8,143672421,0.0000000000000395239397,8_144,stepwise,AKW
1_47137615,1,47137615,0.0000000000000404121181,1_47,stepwise,AKW
1_46854431,1,46854431,0.000000000011922463,1_47,stepwise,AKW
8_16334317,8,16334317,0.0000000000000479616347,8_16,stepwise,AKW
8_19963278,8,19963278,0.00000000000699240665,8_20,stepwise,AKW
1_224523822,1,224523822,0.0000000000000530686606,1_225,stepwise,AKW
1_210241464,1,210241464,0.0000000000000688338275,1_210,stepwise,AKW
1_206404091,1,206404091,0.000000000000498712183,1_206,stepwise,AKW
3_213855346,3,213855346,0.000000000000109023901,3_214,stepwise,AKW
2_217281894,2,217281894,0.000000000000136335387,2_217,stepwise,AKW
1_39043144,1,39043144,0.00000000000119704247,1_39,stepwise,AKW
5_9978132,5,9978132,0.00000000000207101003,5_10,stepwise,AKW
7_165917367,7,165917367,0.00000000000208455475,7_166,stepwise,AKW
5_191882616,5,191882616,0.00000000000992406157,5_192,stepwise,AKW
9_31531082,9,31531082,0.000000000010877077,9_32,stepwise,AKW
7_155617962,7,155617962,0.0000000000166919811,7_156,stepwise,AKW
3_232131787,3,232131787,0.0000000000242594833,3_232,stepwise,AKW
2_11196988,2,11196988,0.0000000000294653191,2_11,stepwise,AKW
4_207260915,4,207260915,0.0000000000440270043,4_207,stepwise,AKW
1_6411736,1,6411736,0.0000000000453828086,1_6,stepwise,AKW
10_2678523,10,2678523,0.0000000000495494756,10_3,stepwise,AKW
3_116579877,3,116579877,0.0000000000504283282,3_117,stepwise,AKW
10_105861914,10,105861914,0.0000000000527879962,10_106,stepwise,AKW
7_152208833,7,152208833,0.0000000000563478153,7_152,stepwise,AKW
2_62414464,2,62414464,0.0000000000570810066,2_62,stepwise,AKW
1_249384025,1,249384025,0.0000000000932613986,1_249,stepwise,AKW
7_73213275,7,73213275,142.289814913933,7_73,single-variant,TKW
7_82619522,7,82619522,139.125309492778,7_83,single-variant,TKW
7_82619523,7,82619523,139.125309492778,7_83,single-variant,TKW
7_34655919,7,34655919,107.601764771444,7_35,single-variant,TKW
7_27591629,7,27591629,96.9059833188796,7_28,single-variant,TKW
7_29195563,7,29195563,67.053375819845,7_29,single-variant,TKW
7_158215744,7,158215744,95.8540581304239,7_158,single-variant,TKW
7_158529392,7,158529392,74.8879314957318,7_159,single-variant,TKW
7_113480657,7,113480657,85.6549400943896,7_113,single-variant,TKW
7_135362339,7,135362339,82.0488422599733,7_135,single-variant,TKW
7_143851561,7,143851561,60.0396767078446,7_144,single-variant,TKW
7_116500946,7,116500946,73.6842185192914,7_117,single-variant,TKW
7_165054096,7,165054096,64.9047260119018,7_165,single-variant,TKW
2_74001958,2,74001958,64.0434906092845,2_74,single-variant,TKW
7_12419486,7,12419486,62.4080565580556,7_12,single-variant,TKW
7_7462778,7,7462778,50.2407704473548,7_7,single-variant,TKW
8_140125585,8,140125585,58.8018930011266,8_140,single-variant,TKW
1_12514966,1,12514966,54.6336517665323,1_13,single-variant,TKW
3_209227520,3,209227520,53.7092088166172,3_209,single-variant,TKW
7_91468795,7,91468795,52.4677298553909,7_91,single-variant,TKW
9_100191285,9,100191285,50.0054365089903,9_100,single-variant,TKW
3_194931228,3,194931228,0.2133,3_195,bayes,TKW
5_14092274,5,14092274,0.1742,5_14,bayes,TKW
2_14897713,2,14897713,0.1551,2_15,bayes,TKW
4_176508494,4,176508494,0.1517,4_177,bayes,TKW
10_128312733,10,128312733,0.1265,10_128,bayes,TKW
1_254399894,1,254399894,0.1239,1_254,bayes,TKW
6_164097940,6,164097940,0.109,6_164,bayes,TKW
7_162037847,7,162037847,0,7_162,stepwise,TKW
7_162565040,7,162565040,0,7_163,stepwise,TKW
7_160220185,7,160220185,0,7_160,stepwise,TKW
3_32533312,3,32533312,0.000000000013236745,3_33,stepwise,TKW
1_194005059,1,194005059,0.0000000000308868486,1_194,stepwise,TKW
3_88323072,3,88323072,0.0000000000560289592,3_88,stepwise,TKW
2_194049659,2,194049659,116.667581740298,2_194,single-variant,KC
3_32817866,3,32817866,113.906438242435,3_33,single-variant,KC
3_227101636,3,227101636,102.606144131412,3_227,single-variant,KC
4_33428111,4,33428111,95.7841246045387,4_33,single-variant,KC
7_164673483,7,164673483,92.4250894528248,7_165,single-variant,KC
2_46704518,2,46704518,87.8909617044256,2_47,single-variant,KC
2_199704670,2,199704670,87.4436010000696,2_200,single-variant,KC
10_117321868,10,117321868,86.7751304054267,10_117,single-variant,KC
4_173800774,4,173800774,86.5703284513821,4_174,single-variant,KC
1_20185374,1,20185374,85.5032778670133,1_20,single-variant,KC
1_18641627,1,18641627,74.7931201776937,1_19,single-variant,KC
1_18678800,1,18678800,66.3113933291787,1_19,single-variant,KC
10_145019962,10,145019962,85.1969254504587,10_145,single-variant,KC
10_145019984,10,145019984,85.1969254504587,10_145,single-variant,KC
2_103701282,2,103701282,84.7951206662393,2_104,single-variant,KC
1_225664949,1,225664949,83.3536256852343,1_226,single-variant,KC
1_229812917,1,229812917,72.4784696587213,1_230,single-variant,KC
1_146033549,1,146033549,78.8194440592964,1_146,single-variant,KC
5_57945784,5,57945784,77.2295751319027,5_58,single-variant,KC
1_184782156,1,184782156,76.1634986574057,1_185,single-variant,KC
1_216851795,1,216851795,71.7253342309186,1_217,single-variant,KC
8_87646565,8,87646565,68.5495353379929,8_88,single-variant,KC
5_128870719,5,128870719,67.3605234717283,5_129,single-variant,KC
2_178096565,2,178096565,66.76469885968,2_178,single-variant,KC
2_70133203,2,70133203,66.100256080178,2_70,single-variant,KC
2_71652222,2,71652222,52.5056644876361,2_72,single-variant,KC
5_101180942,5,101180942,64.7423934136077,5_101,single-variant,KC
5_101139654,5,101139654,55.6546850943477,5_101,single-variant,KC
8_142252846,8,142252846,63.5658783940813,8_142,single-variant,KC
8_135603464,8,135603464,55.7858186913362,8_136,single-variant,KC
1_52149123,1,52149123,63.0073272111513,1_52,single-variant,KC
1_49618880,1,49618880,58.5002854312589,1_50,single-variant,KC
5_6820834,5,6820834,58.951286361919,5_7,single-variant,KC
9_51336120,9,51336120,58.7119073454581,9_51,single-variant,KC
8_123884984,8,123884984,56.4495270428934,8_124,single-variant,KC
2_117287975,2,117287975,56.2136532562955,2_117,single-variant,KC
7_29170625,7,29170625,55.3117493009876,7_29,single-variant,KC
7_29170704,7,29170704,55.3117493009876,7_29,single-variant,KC
7_29170724,7,29170724,55.3117493009876,7_29,single-variant,KC
1_110318443,1,110318443,54.1478311995507,1_110,single-variant,KC
7_75651368,7,75651368,53.8406734798021,7_76,single-variant,KC
7_80881474,7,80881474,51.7847855709128,7_81,single-variant,KC
10_87930481,10,87930481,53.6316573206758,10_88,single-variant,KC
7_41929368,7,41929368,53.2432498188694,7_42,single-variant,KC
2_222162307,2,222162307,53.0182266813723,2_222,single-variant,KC
1_117227115,1,117227115,52.5338741295818,1_117,single-variant,KC
1_117227130,1,117227130,52.5338741295818,1_117,single-variant,KC
9_108307271,9,108307271,52.2751672795334,9_108,single-variant,KC
9_95801514,9,95801514,51.9241247047402,9_96,single-variant,KC
1_269298142,1,269298142,50.0750955732194,1_269,single-variant,KC
8_128243435,8,128243435,50.0228527886645,8_128,single-variant,KC
3_2746839,3,2746839,0.4603,3_3,bayes,KC
3_2888666,3,2888666,0.2638,3_3,bayes,KC
1_25827349,1,25827349,0.4284,1_26,bayes,KC
1_25817662,1,25817662,0.1497,1_26,bayes,KC
2_12100446,2,12100446,0.268,2_12,bayes,KC
2_2127151,2,2127151,0.2213,2_2,bayes,KC
1_191447677,1,191447677,0.1936,1_191,bayes,KC
1_280503362,1,280503362,0.1767,1_281,bayes,KC
1_280503363,1,280503363,0.1054,1_281,bayes,KC
6_141476015,6,141476015,0.1567,6_141,bayes,KC
6_141504534,6,141504534,0.1526,6_142,bayes,KC
4_199217920,4,199217920,0.153,4_199,bayes,KC
4_204954587,4,204954587,0.1095,4_205,bayes,KC
5_205497249,5,205497249,0.1196,5_205,bayes,KC
5_166516654,5,166516654,0.1028,5_167,bayes,KC
4_2408342,4,2408342,0.1024,4_2,bayes,KC
1_209734450,1,209734450,0,1_210,stepwise,KC
1_209798882,1,209798882,0,1_210,stepwise,KC
1_191447677,1,191447677,0,1_191,stepwise,KC
1_192775496,1,192775496,0.00000000000112709841,1_193,stepwise,KC
1_26318781,1,26318781,0.00000000000000044408921,1_26,stepwise,KC
2_28144954,2,28144954,0.00000000000000133226763,2_28,stepwise,KC
3_166658359,3,166658359,0.00000000000000133226763,3_167,stepwise,KC
5_62738251,5,62738251,0.0000000000000297539771,5_63,stepwise,KC
3_122077603,3,122077603,0.0000000000000532907052,3_122,stepwise,KC
5_181636545,5,181636545,0.000000000000182076576,5_182,stepwise,KC
6_141501648,6,141501648,0.000000000000310418358,6_142,stepwise,KC
8_8400947,8,8400947,0.000000000000425881552,8_8,stepwise,KC
8_115374094,8,115374094,0.000000000000478062034,8_115,stepwise,KC
8_87110679,8,87110679,0.00000000000051691984,8_87,stepwise,KC
3_3108469,3,3108469,0.000000000000589972515,3_3,stepwise,KC
1_44380630,1,44380630,0.000000000000796918087,1_44,stepwise,KC
7_160403500,7,160403500,0.00000000000107469589,7_160,stepwise,KC
7_107666106,7,107666106,0.0000000000010782486,7_108,stepwise,KC
4_83256677,4,83256677,0.0000000000264623878,4_83,stepwise,KC
2_39569115,2,39569115,0.0000000000296171976,2_40,stepwise,KC
3_28496181,3,28496181,0.0000000000311706216,3_28,stepwise,KC
6_156878921,6,156878921,0.0000000000341375817,6_157,stepwise,KC
2_225164128,2,225164128,0.00000000004182521,2_225,stepwise,KC
4_199500168,4,199500168,0.0000000000532418554,4_200,stepwise,KC
5_133192079,5,133192079,0.0000000000799476041,5_133,stepwise,KC
