marker,chr,genetic,physical
1_1009170,1,-0.17,1009170
1_6411736,1,12.3,6411736
1_8455459,1,16.97,8455459
1_8455459,1,16.97,8455459
1_8455459,1,16.97,8455459
1_8455459,1,16.97,8455459
1_11471660,1,23.71,11471660
1_12514966,1,25.98,12514966
1_12948073,1,26.91,12948073
1_14035029,1,29.2,14035029
1_14416971,1,30,14416971
1_14416985,1,30,14416985
1_14559018,1,30.29,14559018
1_18641627,1,38.16,18641627
1_18678800,1,38.22,18678800
1_20185374,1,40.78,20185374
1_22688691,1,44.54,22688691
1_22857943,1,44.77,22857943
1_23056288,1,45.03,23056288
1_23057021,1,45.03,23057021
1_23057029,1,45.03,23057029
1_23578223,1,45.71,23578223
1_24022785,1,46.27,24022785
1_24023937,1,46.27,24023937
1_25439265,1,47.92,25439265
1_25817662,1,48.34,25817662
1_25827349,1,48.35,25827349
1_26040158,1,48.58,26040158
1_26258407,1,48.81,26258407
1_26318781,1,48.87,26318781
1_26912793,1,49.48,26912793
1_27069071,1,49.63,27069071
1_31796389,1,53.75,31796389
1_32600092,1,54.35,32600092
1_34263565,1,55.55,34263565
1_34403118,1,55.64,34403118
1_34544484,1,55.74,34544484
1_35192920,1,56.18,35192920
1_36561556,1,57.09,36561556
1_37284925,1,57.56,37284925
1_39043144,1,58.67,39043144
1_39544290,1,58.99,39544290
1_39953714,1,59.24,39953714
1_40725539,1,59.72,40725539
1_41245446,1,60.04,41245446
1_44380630,1,61.95,44380630
1_46854431,1,63.47,46854431
1_47137615,1,63.65,47137615
1_49357205,1,65.02,49357205
1_49618880,1,65.18,49618880
1_52149123,1,66.74,52149123
1_54728804,1,68.31,54728804
1_54828597,1,68.37,54828597
1_55337466,1,68.67,55337466
1_55396794,1,68.71,55396794
1_59181519,1,70.91,59181519
1_62699338,1,72.86,62699338
1_63856997,1,73.48,63856997
1_68053743,1,75.65,68053743
1_68182349,1,75.71,68182349
1_78998494,1,80.69,78998494
1_87145810,1,83.81,87145810
1_92351673,1,85.44,92351673
1_110318443,1,88.69,110318443
1_116162489,1,89.06,116162489
1_117227115,1,89.1,117227115
1_117227130,1,89.1,117227130
1_146033549,1,89.4,146033549
1_152323909,1,89.81,152323909
1_155623865,1,90.17,155623865
1_156571197,1,90.3,156571197
1_160267051,1,90.88,160267051
1_173125997,1,94.53,173125997
1_178034072,1,96.75,178034072
1_178427476,1,96.95,178427476
1_182498200,1,99.23,182498200
1_184782156,1,100.68,184782156
1_185874440,1,101.42,185874440
1_191447677,1,105.52,191447677
1_191447677,1,105.52,191447677
1_191447677,1,105.52,191447677
1_191447677,1,105.52,191447677
1_192775496,1,106.58,192775496
1_194005059,1,107.57,194005059
1_196197577,1,109.38,196197577
1_198419954,1,111.25,198419954
1_198571559,1,111.37,198571559
1_199071908,1,111.8,199071908
1_201360603,1,113.75,201360603
1_203086382,1,115.23,203086382
1_203086466,1,115.23,203086466
1_203086468,1,115.23,203086468
1_204555503,1,116.48,204555503
1_205185048,1,117.02,205185048
1_206404091,1,118.05,206404091
1_206983710,1,118.54,206983710
1_209034237,1,120.25,209034237
1_209644683,1,120.75,209644683
1_209734450,1,120.83,209734450
1_209798882,1,120.88,209798882
1_210241464,1,121.25,210241464
1_210241464,1,121.25,210241464
1_210241464,1,121.25,210241464
1_210241464,1,121.25,210241464
1_210601549,1,121.54,210601549
1_213407160,1,123.8,213407160
1_215088328,1,125.11,215088328
1_215901149,1,125.74,215901149
1_216851795,1,126.46,216851795
1_224523822,1,131.94,224523822
1_225664949,1,132.7,225664949
1_228254059,1,134.38,228254059
1_229812917,1,135.36,229812917
1_236944118,1,139.61,236944118
1_238283747,1,140.39,238283747
1_249384025,1,146.97,249384025
1_250563693,1,147.73,250563693
1_250563700,1,147.73,250563700
1_253503379,1,149.67,253503379
1_254399894,1,150.28,254399894
1_254565402,1,150.39,254565402
1_255236815,1,150.86,255236815
1_255688181,1,151.17,255688181
1_269298142,1,161.88,269298142
1_271630600,1,164.04,271630600
1_280316740,1,173.44,280316740
1_280503362,1,173.67,280503362
1_280503363,1,173.67,280503363
1_280503363,1,173.67,280503363
1_280503363,1,173.67,280503363
1_280503363,1,173.67,280503363
1_281458848,1,174.86,281458848
1_282898950,1,176.72,282898950
1_287738385,1,183.47,287738385
1_288397408,1,184.45,288397408
1_288923896,1,185.24,288923896
1_293578935,1,192.52,293578935
1_293633703,1,192.6,293633703
1_293633704,1,192.6,293633704
1_293633790,1,192.6,293633790
1_293634086,1,192.6,293634086
1_293806450,1,192.88,293806450
1_296344557,1,196.99,296344557
1_297742151,1,199.27,297742151
1_297742153,1,199.27,297742153
1_297785800,1,199.34,297785800
1_297802606,1,199.37,297802606
1_298862155,1,201.1,298862155
1_299699370,1,202.47,299699370
1_300008663,1,202.97,300008663
1_300534626,1,203.83,300534626
1_300739781,1,204.16,300739781
1_301219924,1,204.95,301219924
2_2127151,2,4.05,2127151
2_2376871,2,4.95,2376871
2_2487808,2,5.35,2487808
2_3543587,2,9.12,3543587
2_3933999,2,10.49,3933999
2_3934080,2,10.49,3934080
2_4160573,2,11.28,4160573
2_4179955,2,11.35,4179955
2_7627648,2,22.48,7627648
2_11196988,2,32.14,11196988
2_12100446,2,34.35,12100446
2_12603838,2,35.55,12603838
2_12739550,2,35.87,12739550
2_14113101,2,38.97,14113101
2_14897713,2,40.65,14897713
2_16349632,2,43.62,16349632
2_16353020,2,43.63,16353020
2_16353020,2,43.63,16353020
2_16353020,2,43.63,16353020
2_16353020,2,43.63,16353020
2_16873627,2,44.64,16873627
2_17574448,2,45.97,17574448
2_18360174,2,47.4,18360174
2_18389066,2,47.45,18389066
2_23312704,2,54.85,23312704
2_23721759,2,55.35,23721759
2_23840104,2,55.49,23840104
2_24930512,2,56.73,24930512
2_25298884,2,57.12,25298884
2_26978723,2,58.79,26978723
2_28144954,2,59.84,28144954
2_29284856,2,60.8,29284856
2_29284930,2,60.8,29284930
2_29334167,2,60.84,29334167
2_32496587,2,63.16,32496587
2_36906809,2,65.88,36906809
2_39569115,2,67.37,39569115
2_45538620,2,70.05,45538620
2_46704518,2,70.47,46704518
2_52724067,2,72.26,52724067
2_52833051,2,72.29,52833051
2_53587883,2,72.47,53587883
2_53951637,2,72.56,53951637
2_56373338,2,73.09,56373338
2_56889826,2,73.2,56889826
2_59214091,2,73.7,59214091
2_61033638,2,74.11,61033638
2_62212661,2,74.37,62212661
2_62212662,2,74.37,62212662
2_62414464,2,74.42,62414464
2_69942304,2,75.66,69942304
2_70133203,2,75.68,70133203
2_71652222,2,75.83,71652222
2_72019380,2,75.87,72019380
2_73987674,2,76.03,73987674
2_74001958,2,76.03,74001958
2_79473829,2,76.29,79473829
2_87234007,2,76.36,87234007
2_87408883,2,76.36,87408883
2_102320655,2,76.4,102320655
2_103701282,2,76.42,103701282
2_106227750,2,76.46,106227750
2_117287975,2,76.75,117287975
2_117316379,2,76.76,117316379
2_128921061,2,77.42,128921061
2_141950678,2,78.71,141950678
2_150162487,2,80.12,150162487
2_155606154,2,82.22,155606154
2_155793021,2,82.33,155793021
2_155839488,2,82.35,155839488
2_178096565,2,86.08,178096565
2_179828557,2,87.34,179828557
2_183752669,2,91.02,183752669
2_183754020,2,91.02,183754020
2_184390498,2,91.7,184390498
2_185373100,2,92.8,185373100
2_185682890,2,93.15,185682890
2_185945572,2,93.45,185945572
2_194049659,2,102.27,194049659
2_195926841,2,103.9,195926841
2_198407155,2,105.72,198407155
2_199343472,2,106.31,199343472
2_199704670,2,106.53,199704670
2_208869748,2,114.61,208869748
2_210519584,2,116.82,210519584
2_211931938,2,118.84,211931938
2_214659117,2,122.84,214659117
2_217281894,2,126.49,217281894
2_219820508,2,129.73,219820508
2_220838555,2,130.96,220838555
2_222162307,2,132.52,222162307
2_222826906,2,133.29,222826906
2_225164128,2,136,225164128
2_225391702,2,136.26,225391702
2_226824691,2,138.02,226824691
2_227048681,2,138.3,227048681
2_227048681,2,138.3,227048681
2_227048681,2,138.3,227048681
2_227048681,2,138.3,227048681
2_229528586,2,141.85,229528586
2_230389243,2,143.28,230389243
2_231199125,2,144.72,231199125
2_236815179,2,155.44,236815179
3_2384984,3,5.87,2384984
3_2499877,3,6.46,2499877
3_2746839,3,7.72,2746839
3_2888666,3,8.44,2888666
3_3108469,3,9.54,3108469
3_5769257,3,21.43,5769257
3_5989888,3,22.26,5989888
3_5989897,3,22.26,5989897
3_6928680,3,25.6,6928680
3_8209080,3,29.57,8209080
3_9039759,3,31.81,9039759
3_9039761,3,31.81,9039761
3_16081759,3,44.57,16081759
3_20591776,3,49.57,20591776
3_26355406,3,52.85,26355406
3_28496181,3,53.54,28496181
3_32533312,3,54.79,32533312
3_32817866,3,54.86,32817866
3_60705115,3,57.82,60705115
3_64846753,3,57.91,64846753
3_99990001,3,58.22,99990001
3_88323072,3,58.39,88323072
3_116579877,3,58.98,116579877
3_122077603,3,59.42,122077603
3_129087504,3,60.78,129087504
3_133293491,3,61.36,133293491
3_134071574,3,61.5,134071574
3_143505828,3,63.65,143505828
3_147598944,3,64.89,147598944
3_150773732,3,66.21,150773732
3_155272839,3,67.99,155272839
3_156350044,3,68.6,156350044
3_160835273,3,72.47,160835273
3_165851069,3,75.97,165851069
3_166034352,3,76.08,166034352
3_166034352,3,76.08,166034352
3_166034352,3,76.08,166034352
3_166034352,3,76.08,166034352
3_166658359,3,76.49,166658359
3_166808666,3,76.59,166808666
3_167009207,3,76.74,167009207
3_169044562,3,78.5,169044562
3_170115483,3,79.53,170115483
3_174337899,3,83.03,174337899
3_174337899,3,83.03,174337899
3_174337899,3,83.03,174337899
3_174337899,3,83.03,174337899
3_175693596,3,84.2,175693596
3_176122208,3,84.64,176122208
3_176122219,3,84.64,176122219
3_184683743,3,94.98,184683743
3_184683743,3,94.98,184683743
3_184683743,3,94.98,184683743
3_184683743,3,94.98,184683743
3_190442492,3,99.35,190442492
3_194042011,3,100.97,194042011
3_194581485,3,101.23,194581485
3_194931228,3,101.42,194931228
3_201331174,3,106.7,201331174
3_204112055,3,109.7,204112055
3_204478006,3,110.17,204478006
3_207311705,3,114.41,207311705
3_207411075,3,114.57,207411075
3_209227520,3,117.39,209227520
3_213855346,3,123.66,213855346
3_215468555,3,126.54,215468555
3_216874468,3,129.51,216874468
3_217362191,3,130.54,217362191
3_217650733,3,131.13,217650733
3_217943348,3,131.71,217943348
3_218774913,3,133.18,218774913
3_225333258,3,145.52,225333258
3_227101636,3,148.95,227101636
3_227131072,3,149,227131072
3_228140724,3,150.8,228140724
3_229120153,3,152.53,229120153
3_232131787,3,158.12,232131787
3_232131787,3,158.12,232131787
3_232131787,3,158.12,232131787
3_232131787,3,158.12,232131787
4_1223785,4,-0.2,1223785
4_1223829,4,-0.2,1223829
4_2408342,4,5.06,2408342
4_5976338,4,20.13,5976338
4_33075579,4,51.62,33075579
4_33428111,4,51.81,33428111
4_35274910,4,52.69,35274910
4_35274910,4,52.69,35274910
4_35274910,4,52.69,35274910
4_35274910,4,52.69,35274910
4_37595611,4,53.63,37595611
4_37595612,4,53.63,37595612
4_41355316,4,54.56,41355316
4_43515270,4,54.84,43515270
4_45267226,4,54.98,45267226
4_46521203,4,55.05,46521203
4_53260938,4,55.39,53260938
4_53260996,4,55.39,53260996
4_55722658,4,55.41,55722658
4_55982632,4,55.41,55982632
4_59652119,4,55.5,59652119
4_60240700,4,55.53,60240700
4_60367542,4,55.53,60367542
4_62095399,4,55.65,62095399
4_67938483,4,56.21,67938483
4_68647904,4,56.27,68647904
4_70633930,4,56.4,70633930
4_70836931,4,56.41,70836931
4_82016422,4,57.3,82016422
4_82016479,4,57.3,82016479
4_82892638,4,57.4,82892638
4_83256677,4,57.43,83256677
4_86504357,4,57.7,86504357
4_90051493,4,57.85,90051493
4_91052512,4,57.87,91052512
4_92794943,4,57.89,92794943
4_96541825,4,57.9,96541825
4_101573763,4,57.91,101573763
4_108938112,4,57.98,108938112
4_111368907,4,58.01,111368907
4_113065926,4,58.04,113065926
4_118724940,4,58.16,118724940
4_123331032,4,58.28,123331032
4_123331313,4,58.28,123331313
4_123996395,4,58.3,123996395
4_129942551,4,58.6,129942551
4_131769676,4,58.76,131769676
4_134156545,4,58.84,134156545
4_137376257,4,58.91,137376257
4_141532663,4,59.62,141532663
4_142251675,4,59.81,142251675
4_143992460,4,60.35,143992460
4_153534647,4,63.64,153534647
4_154994748,4,64.94,154994748
4_154996165,4,64.94,154996165
4_155749174,4,65.74,155749174
4_162769264,4,73.4,162769264
4_162905364,4,73.5,162905364
4_163099868,4,73.65,163099868
4_170808073,4,77.72,170808073
4_173062169,4,81.42,173062169
4_173300444,4,81.84,173300444
4_173800774,4,82.71,173800774
4_173994362,4,83.03,173994362
4_174602454,4,84.01,174602454
4_174913927,4,84.5,174913927
4_174955830,4,84.56,174955830
4_175423641,4,85.27,175423641
4_175975383,4,86.08,175975383
4_176508494,4,86.84,176508494
4_177053485,4,87.6,177053485
4_179790632,4,91.36,179790632
4_179792165,4,91.36,179792165
4_179797374,4,91.37,179797374
4_180869379,4,92.84,180869379
4_188521166,4,102.6,188521166
4_193611848,4,105.86,193611848
4_193747416,4,105.91,193747416
4_196909032,4,106.95,196909032
4_197060829,4,107,197060829
4_197891180,4,107.31,197891180
4_198298106,4,107.47,198298106
4_198426700,4,107.52,198426700
4_198490330,4,107.54,198490330
4_198999400,4,107.75,198999400
4_199073074,4,107.78,199073074
4_199076568,4,107.78,199076568
4_199077448,4,107.79,199077448
4_199078546,4,107.79,199078546
4_199217920,4,107.84,199217920
4_199500168,4,107.96,199500168
4_200203564,4,108.25,200203564
4_202073486,4,108.91,202073486
4_203060546,4,109.18,203060546
4_204954587,4,109.59,204954587
4_207260915,4,110.02,207260915
4_208415330,4,110.24,208415330
4_208415340,4,110.24,208415340
4_213961911,4,111.4,213961911
4_215229979,4,111.75,215229979
4_216054594,4,111.95,216054594
4_218671028,4,112.29,218671028
4_218773392,4,112.3,218773392
4_219486663,4,112.36,219486663
4_219492315,4,112.36,219492315
4_225510421,4,113.75,225510421
4_225732545,4,113.84,225732545
4_228628647,4,115.21,228628647
4_228662791,4,115.22,228662791
4_229000838,4,115.41,229000838
4_229033656,4,115.43,229033656
4_229506519,4,115.7,229506519
4_231042612,4,116.73,231042612
4_231739643,4,117.38,231739643
4_234624235,4,122.52,234624235
4_235604701,4,125.41,235604701
4_235760055,4,125.92,235760055
4_236091061,4,127.04,236091061
4_236097864,4,127.07,236097864
4_236387000,4,128.09,236387000
4_238803169,4,137.66,238803169
4_239865457,4,142.08,239865457
5_229260,5,-1.89,229260
5_942159,5,0.52,942159
5_942159,5,0.52,942159
5_942159,5,0.52,942159
5_942159,5,0.52,942159
5_1950015,5,4.04,1950015
5_1954913,5,4.05,1954913
5_5543633,5,20.31,5543633
5_6820834,5,25.78,6820834
5_8410490,5,30.35,8410490
5_8700450,5,30.96,8700450
5_9978132,5,33.37,9978132
5_13733222,5,41.99,13733222
5_14092274,5,42.88,14092274
5_14092274,5,42.88,14092274
5_14092274,5,42.88,14092274
5_14092274,5,42.88,14092274
5_14092274,5,42.88,14092274
5_14092274,5,42.88,14092274
5_14092274,5,42.88,14092274
5_14092274,5,42.88,14092274
5_14092274,5,42.88,14092274
5_14676882,5,44.2,14676882
5_14926044,5,44.71,14926044
5_14926952,5,44.71,14926952
5_15322714,5,45.45,15322714
5_16418530,5,47.09,16418530
5_16418599,5,47.09,16418599
5_16420194,5,47.09,16420194
5_21909034,5,52.39,21909034
5_23184913,5,53.37,23184913
5_25873169,5,54.56,25873169
5_40528595,5,58.69,40528595
5_45342993,5,59.7,45342993
5_46538945,5,59.95,46538945
5_56599438,5,61.84,56599438
5_57250790,5,62.02,57250790
5_57945784,5,62.22,57945784
5_58128842,5,62.27,58128842
5_58133054,5,62.28,58133054
5_58133054,5,62.28,58133054
5_58133054,5,62.28,58133054
5_58133054,5,62.28,58133054
5_58607998,5,62.43,58607998
5_58707046,5,62.46,58707046
5_59606959,5,62.78,59606959
5_62738251,5,63.78,62738251
5_63712308,5,63.94,63712308
5_65531308,5,64.18,65531308
5_70260972,5,65.47,70260972
5_73036968,5,66.09,73036968
5_77263298,5,67.17,77263298
5_77263315,5,67.17,77263315
5_80834640,5,67.94,80834640
5_84259359,5,68.7,84259359
5_84374952,5,68.73,84374952
5_107881861,5,69.31,107881861
5_101139654,5,69.84,101139654
5_101180942,5,69.84,101180942
5_94095865,5,69.85,94095865
5_94610832,5,69.89,94610832
5_96710206,5,69.99,96710206
5_96710206,5,69.99,96710206
5_96710206,5,69.99,96710206
5_96710206,5,69.99,96710206
5_98927467,5,69.99,98927467
5_98286092,5,70.01,98286092
5_115009086,5,70.82,115009086
5_161508284,5,75.89,161508284
5_164218801,5,76.97,164218801
5_133192079,5,77.7,133192079
5_166516654,5,77.78,166516654
5_128870719,5,77.92,128870719
5_166858167,5,78,166858167
5_167659027,5,78.69,167659027
5_168256538,5,79.32,168256538
5_172087797,5,83.09,172087797
5_172088891,5,83.09,172088891
5_180701874,5,90.2,180701874
5_181636545,5,90.74,181636545
5_183427707,5,91.53,183427707
5_149155149,5,93.47,149155149
5_186799133,5,95.29,186799133
5_191859009,5,100.58,191859009
5_191882616,5,100.6,191882616
5_198070886,5,105.18,198070886
5_201073740,5,107.93,201073740
5_204222724,5,112.19,204222724
5_205320155,5,115.3,205320155
5_205497249,5,115.88,205497249
5_206887315,5,120.72,206887315
5_207514028,5,122.77,207514028
5_207514071,5,122.77,207514071
5_207514176,5,122.77,207514176
5_207729685,5,123.42,207729685
5_208367065,5,125.09,208367065
5_210725329,5,130.61,210725329
5_210866358,5,131.06,210866358
5_212351905,5,137.14,212351905
5_212352078,5,137.14,212352078
5_212595172,5,138.32,212595172
5_214056752,5,145.52,214056752
5_214114729,5,145.79,214114729
5_214426106,5,147.2,214426106
5_214526238,5,147.64,214526238
5_214999675,5,149.54,214999675
5_216095102,5,152.6,216095102
6_34026904,6,7.47,34026904
6_36383146,6,7.87,36383146
6_84646776,6,12.34,84646776
6_85408628,6,12.67,85408628
6_91120289,6,16.55,91120289
6_115190444,6,41.42,115190444
6_129858634,6,48.22,129858634
6_132437888,6,51.02,132437888
6_132437889,6,51.02,132437889
6_132452609,6,51.03,132452609
6_141476015,6,55.07,141476015
6_141501648,6,55.09,141501648
6_141504534,6,55.09,141504534
6_146126905,6,57.96,146126905
6_149121138,6,61.98,149121138
6_153267405,6,68.12,153267405
6_154283590,6,70.25,154283590
6_154785052,6,71.48,154785052
6_156878921,6,76,156878921
6_158863400,6,80.22,158863400
6_159590933,6,83.25,159590933
6_159772234,6,83.96,159772234
6_162014801,6,88.79,162014801
6_162112029,6,89.3,162112029
6_162161364,6,89.56,162161364
6_162543485,6,91.68,162543485
6_162560913,6,91.77,162560913
6_164097940,6,96.63,164097940
6_167336716,6,108.38,167336716
7_3587229,7,12.76,3587229
7_5710624,7,24.76,5710624
7_7462778,7,31.23,7462778
7_12419486,7,39.18,12419486
7_17696158,7,43.96,17696158
7_27059262,7,47.28,27059262
7_27591629,7,47.34,27591629
7_29170625,7,47.53,29170625
7_29170704,7,47.53,29170704
7_29170724,7,47.53,29170724
7_29195563,7,47.53,29195563
7_34655919,7,48.2,34655919
7_54083233,7,49.1,54083233
7_41929368,7,49.11,41929368
7_73213275,7,49.19,73213275
7_75651368,7,49.19,75651368
7_80881474,7,49.19,80881474
7_77101975,7,49.2,77101975
7_78425372,7,49.2,78425372
7_82619522,7,49.2,82619522
7_82619523,7,49.2,82619523
7_91468795,7,49.66,91468795
7_96126208,7,49.85,96126208
7_99420689,7,50.31,99420689
7_107666106,7,51.33,107666106
7_113480657,7,52.12,113480657
7_116500946,7,52.89,116500946
7_118228658,7,53.55,118228658
7_118540760,7,53.7,118540760
7_124145990,7,57.77,124145990
7_128377727,7,63.05,128377727
7_137275552,7,71.21,137275552
7_137408232,7,71.22,137408232
7_137522192,7,71.25,137522192
7_137735220,7,71.33,137735220
7_135362339,7,71.77,135362339
7_138732489,7,72.06,138732489
7_138758449,7,72.08,138758449
7_140151004,7,73.12,140151004
7_140151392,7,73.12,140151392
7_140151795,7,73.12,140151795
7_143851561,7,77.16,143851561
7_152208833,7,83.26,152208833
7_155256776,7,86.53,155256776
7_155617962,7,87.02,155617962
7_155968381,7,87.52,155968381
7_156925620,7,89,156925620
7_158215744,7,91.27,158215744
7_158529392,7,91.86,158529392
7_160220185,7,95.16,160220185
7_160403500,7,95.53,160403500
7_162037847,7,98.78,162037847
7_162565040,7,99.84,162565040
7_162809203,7,100.33,162809203
7_162950028,7,100.62,162950028
7_162960897,7,100.64,162960897
7_163672808,7,102.12,163672808
7_163756613,7,102.29,163756613
7_164673483,7,104.25,164673483
7_165054096,7,105.09,165054096
7_165917367,7,107.06,165917367
7_166456517,7,108.37,166456517
7_170137983,7,117.06,170137983
7_171863520,7,121.82,171863520
7_174917926,7,134.17,174917926
7_174919809,7,134.17,174919809
7_175033715,7,134.36,175033715
7_175034274,7,134.37,175034274
7_175305190,7,134.72,175305190
7_176265029,7,135.26,176265029
8_26275,8,0.63,26275
8_8400947,8,22.44,8400947
8_8577767,8,22.87,8577767
8_8577769,8,22.87,8577769
8_13003197,8,32.96,13003197
8_13532257,8,34.05,13532257
8_16334317,8,39.35,16334317
8_17946021,8,42.03,17946021
8_19296623,8,44.09,19296623
8_19657455,8,44.62,19657455
8_19692534,8,44.67,19692534
8_19963278,8,45.05,19963278
8_73919477,8,53.5,73919477
8_74730753,8,53.6,74730753
8_29715605,8,53.93,29715605
8_79055051,8,54.13,79055051
8_81165235,8,54.39,81165235
8_82076129,8,54.51,82076129
8_82170969,8,54.52,82170969
8_85491439,8,54.96,85491439
8_87110679,8,55.18,87110679
8_87646565,8,55.26,87646565
8_34331189,8,55.38,34331189
8_36684547,8,55.62,36684547
8_94941399,8,56.4,94941399
8_94941404,8,56.4,94941404
8_95090515,8,56.43,95090515
8_102661074,8,58.05,102661074
8_102822554,8,58.09,102822554
8_108910209,8,59.88,108910209
8_109893926,8,60.21,109893926
8_110987970,8,60.58,110987970
8_112432569,8,61.1,112432569
8_112625220,8,61.18,112625220
8_112754372,8,61.22,112754372
8_115374094,8,62.23,115374094
8_115374094,8,62.23,115374094
8_115374094,8,62.23,115374094
8_115374094,8,62.23,115374094
8_123884984,8,65.8,123884984
8_124937344,8,66.21,124937344
8_128243435,8,67.39,128243435
8_129219542,8,67.71,129219542
8_130887110,8,68.27,130887110
8_135603464,8,69.87,135603464
8_140125585,8,71.63,140125585
8_142252846,8,72.6,142252846
8_142493949,8,72.71,142493949
8_143406157,8,73.16,143406157
8_143672421,8,73.3,143672421
8_143765199,8,73.35,143765199
8_145116342,8,74.05,145116342
8_145293539,8,74.14,145293539
8_149257800,8,76.37,149257800
8_151255307,8,77.57,151255307
8_152253282,8,78.2,152253282
8_154993136,8,80.06,154993136
8_161721304,8,87.53,161721304
8_161914232,8,87.87,161914232
8_165878356,8,97.89,165878356
8_171609591,8,120.05,171609591
8_173254148,8,127.02,173254148
8_173254148,8,127.02,173254148
8_173254148,8,127.02,173254148
8_173254148,8,127.02,173254148
8_173705000,8,128.94,173705000
8_173804032,8,129.36,173804032
8_173840220,8,129.51,173840220
9_2134062,9,-53.22,2134062
9_14137421,9,24.37,14137421
9_15041874,9,25.85,15041874
9_15723392,9,27.12,15723392
9_5028491,9,27.64,5028491
9_16332003,9,28.51,16332003
9_17083254,9,30.33,17083254
9_37821355,9,45.17,37821355
9_48165349,9,45.47,48165349
9_50481859,9,45.54,50481859
9_50849102,9,45.55,50849102
9_51336120,9,45.56,51336120
9_53605430,9,45.6,53605430
9_31531082,9,45.72,31531082
9_33617779,9,45.72,33617779
9_89544385,9,46.78,89544385
9_93521099,9,47.22,93521099
9_95801514,9,47.83,95801514
9_99293471,9,49.02,99293471
9_99308115,9,49.02,99308115
9_99358245,9,49.04,99358245
9_100191285,9,49.23,100191285
9_105572458,9,50.92,105572458
9_108307271,9,52.24,108307271
9_112338253,9,53.33,112338253
9_114564120,9,55.17,114564120
9_114661373,9,55.25,114661373
9_123154400,9,58.37,123154400
9_128144933,9,61.81,128144933
9_135616572,9,65.88,135616572
9_136781528,9,67.39,136781528
9_140644453,9,73.66,140644453
9_140644771,9,73.66,140644771
9_140994782,9,74.35,140994782
9_147619741,9,90.04,147619741
9_148646606,9,92.59,148646606
9_151254812,9,100.3,151254812
9_153518235,9,110.09,153518235
9_154100781,9,112.94,154100781
9_154100783,9,112.94,154100783
10_2678523,10,0.76,2678523
10_4744233,10,9.5,4744233
10_8934204,10,24.36,8934204
10_12799942,10,30.49,12799942
10_13791002,10,31.37,13791002
10_14656734,10,32.39,14656734
10_15409628,10,32.96,15409628
10_28991172,10,36.01,28991172
10_40183212,10,36.35,40183212
10_40183213,10,36.35,40183213
10_40869573,10,36.37,40869573
10_48583648,10,36.49,48583648
10_74341836,10,37.23,74341836
10_77017900,10,38.32,77017900
10_77758040,10,38.63,77758040
10_82207530,10,39.84,82207530
10_87930481,10,41.28,87930481
10_92446434,10,41.9,92446434
10_92700662,10,41.9,92700662
10_105861914,10,43.81,105861914
10_102686765,10,44.06,102686765
10_115383286,10,45.83,115383286
10_117321868,10,46.62,117321868
10_121407133,10,47.84,121407133
10_128312733,10,50.53,128312733
10_129901321,10,51.99,129901321
10_135043790,10,59.27,135043790
10_137831713,10,64.73,137831713
10_137831714,10,64.73,137831714
10_137951908,10,64.92,137951908
10_138096697,10,65.15,138096697
10_140167940,10,69.62,140167940
10_141509800,10,73.19,141509800
10_144111476,10,81.38,144111476
10_144111562,10,81.38,144111562
10_145019962,10,83,145019962
10_145019984,10,83,145019984
10_146170932,10,87.11,146170932
10_147402796,10,93.25,147402796
10_148121993,10,97.16,148121993
10_148405761,10,98.73,148405761
10_148544665,10,99.51,148544665
